term,estimate,std.error,statistic,p.value
(Intercept),16.135401902632363,3.033358011852276,5.319319987810973,1.3792109923939769e-7
midparent_height,0.6931408247294001,0.04378099112860908,15.832003955626783,7.161432716663303e-49
gendermale,5.210496433524374,0.15687895492939843,33.21348255965434,4.625435883129912e-149
