.metric,.estimator,.estimate
rmse,standard,2.282182915335475
rsq,standard,0.61594455207924
mae,standard,1.7620445544668295
